gene,human_motif,pos,monotreme_local_GC,platypus_GC,echidna_GC,status,monotreme_motifs
NCOA1,LAELL,46,61.0,61.9,60.0,intact,LAELL;LAELL
NCOA1,LGPLL,112,62.9,62.9,62.9,intact,LGPLL;LGPLL
NCOA1,LVQLL,633,81.0,86.7,75.2,disrupted,PGQLP;PGQLP
NCOA1,LHRLL,690,72.9,74.3,71.4,intact,LHRLL;LHRLL
NCOA1,LRYLL,749,67.1,67.6,66.7,intact,LRYLL;LRYLL
NCOA1,LDELL,913,66.7,65.7,67.6,intact,LDELL;LDELL
NCOA1,LQQLL,1435,73.2,73.9,72.5,intact,LQQLL;LQQLL
NCOA2,LLQLL,641,74.3,75.2,73.3,intact,LLQLL;LLQLL
NCOA2,LHRLL,690,63.8,63.8,63.8,intact,LHRLL;LHRLL
NCOA2,LRYLL,745,63.8,63.8,63.8,intact,LRYLL;LRYLL
NCOA2,LGRLL,878,62.9,63.8,61.9,intact,LGRLL;LGRLL
NCOA3,LGPLL,113,49.0,49.5,48.6,intact,LGPLL;LGPLL
NCOA3,LLQLL,621,71.0,71.4,70.5,intact,LLQLL;LLQLL
NCOA3,LHKLL,685,63.3,63.8,62.9,intact,LHKLL;LHKLL
NCOA3,LRYLL,738,58.1,57.1,59.0,intact,LRYLL;LRYLL
NCOA3,LHTLL,1057,49.0,48.6,49.5,intact,LHTLL;LHTLL
NCOA6,LVNLL,887,61.0,60.0,61.9,intact,LVNLL;LVNLL
NCOA6,LSQLL,1491,71.9,72.4,71.4,intact,LSQLL;LSQLL
PPARGC1A,LKKLL,149,52.4,52.4,52.4,intact,LKKLL;LKKLL
MED1,LTSLL,604,63.3,61.0,65.7,intact,LTSLL;LTSLL
MED1,LMNLL,645,62.9,61.9,63.8,intact,LMNLL;LMNLL
NRIP1,LEGLL,21,49.5,49.5,49.5,intact,LEGLL;LEGLL
NRIP1,LASLL,133,48.6,47.6,49.5,intact,LASLL;LASLL
NRIP1,LKTLL,185,48.1,49.5,46.7,intact,LKTLL;LKTLL
NRIP1,LALLL,266,63.8,62.9,64.8,intact,LALLL;LALLL
NRIP1,LLHLL,380,55.2,54.3,56.2,intact,LLHLL;LLHLL
NRIP1,LLQLL,500,53.3,53.3,53.3,intact,LLQLL;LLQLL
NRIP1,LQLLL,713,48.6,47.6,49.5,intact,LQLLL;LQLLL
NRIP1,LSRLL,819,53.8,53.3,54.3,intact,LSRLL;LSRLL
NRIP1,LKQLL,936,57.1,57.1,57.1,intact,LKQLL;LKQLL
EP300,LSELL,81,49.5,49.5,49.5,intact,LSELL;LSELL
EP300,LVLLL,342,58.6,59.0,58.1,intact,LVLLL;LVLLL
EP300,LQNLL,2051,67.6,67.6,67.6,intact,LQNLL;LQNLL
NCOA4,LYSLL,108,48.6,47.6,49.5,intact,LSWLL;LYWLL
